{
  "Name": "Register4b",
  "Colour": "#7CE8F1",
  "InputPins": [
    {
      "Name": "A0",
      "ID": 959980586,
      "PositionY": 3.94444442,
      "ColourThemeName": "Red"
    },
    {
      "Name": "A1",
      "ID": 2070519969,
      "PositionY": 2.41666675,
      "ColourThemeName": "Red"
    },
    {
      "Name": "A2",
      "ID": 1286431716,
      "PositionY": 0.8055556,
      "ColourThemeName": "Red"
    },
    {
      "Name": "A3",
      "ID": 510381165,
      "PositionY": -0.9722221,
      "ColourThemeName": "Red"
    },
    {
      "Name": "Clock",
      "ID": 1447225732,
      "PositionY": -3.67592573,
      "ColourThemeName": "Red"
    }
  ],
  "OutputPins": [
    {
      "Name": "Pin",
      "ID": 543484170,
      "PositionY": 3.78703737,
      "ColourThemeName": "Red"
    },
    {
      "Name": "Pin",
      "ID": 156363065,
      "PositionY": 2.37962937,
      "ColourThemeName": "Red"
    },
    {
      "Name": "Pin",
      "ID": 567296135,
      "PositionY": 0.7314813,
      "ColourThemeName": "Red"
    },
    {
      "Name": "Pin",
      "ID": 1557661784,
      "PositionY": -1.00925946,
      "ColourThemeName": "Red"
    }
  ],
  "SubChips": [
    {
      "Name": "Registrador",
      "ID": 331559541,
      "Points": [
        {
          "X": -4.9537034,
          "Y": 3.84259272
        }
      ],
      "Data": null
    },
    {
      "Name": "Registrador",
      "ID": 1634423725,
      "Points": [
        {
          "X": -4.944445,
          "Y": 2.31481457
        }
      ],
      "Data": null
    },
    {
      "Name": "Registrador",
      "ID": 715864491,
      "Points": [
        {
          "X": -4.93518543,
          "Y": 0.6851852
        }
      ],
      "Data": null
    },
    {
      "Name": "Registrador",
      "ID": 2018430581,
      "Points": [
        {
          "X": -4.87037039,
          "Y": -1.09259248
        }
      ],
      "Data": null
    }
  ],
  "Connections": [
    {
      "Source": {
        "PinType": 1,
        "SubChipID": 0,
        "PinID": 959980586
      },
      "Target": {
        "PinType": 3,
        "SubChipID": 331559541,
        "PinID": 838533927
      },
      "WirePoints": [
        {
          "X": -7.837778,
          "Y": 3.94444442
        },
        {
          "X": -6.02370358,
          "Y": 3.9625926
        }
      ],
      "ColourThemeName": "Red"
    },
    {
      "Source": {
        "PinType": 1,
        "SubChipID": 0,
        "PinID": 2070519969
      },
      "Target": {
        "PinType": 3,
        "SubChipID": 1634423725,
        "PinID": 838533927
      },
      "WirePoints": [
        {
          "X": -7.837778,
          "Y": 2.41666675
        },
        {
          "X": -6.0144453,
          "Y": 2.43481445
        }
      ],
      "ColourThemeName": "Red"
    },
    {
      "Source": {
        "PinType": 4,
        "SubChipID": 331559541,
        "PinID": 127347016
      },
      "Target": {
        "PinType": 2,
        "SubChipID": 0,
        "PinID": 543484170
      },
      "WirePoints": [
        {
          "X": -3.88370347,
          "Y": 3.84259272
        },
        {
          "X": 7.837778,
          "Y": 3.78703737
        }
      ],
      "ColourThemeName": "Red"
    },
    {
      "Source": {
        "PinType": 4,
        "SubChipID": 1634423725,
        "PinID": 127347016
      },
      "Target": {
        "PinType": 2,
        "SubChipID": 0,
        "PinID": 156363065
      },
      "WirePoints": [
        {
          "X": -3.8744452,
          "Y": 2.31481457
        },
        {
          "X": 7.837778,
          "Y": 2.37962937
        }
      ],
      "ColourThemeName": "Red"
    },
    {
      "Source": {
        "PinType": 1,
        "SubChipID": 0,
        "PinID": 1286431716
      },
      "Target": {
        "PinType": 3,
        "SubChipID": 715864491,
        "PinID": 838533927
      },
      "WirePoints": [
        {
          "X": -7.837778,
          "Y": 0.8055556
        },
        {
          "X": -6.005185,
          "Y": 0.8051852
        }
      ],
      "ColourThemeName": "Red"
    },
    {
      "Source": {
        "PinType": 1,
        "SubChipID": 0,
        "PinID": 510381165
      },
      "Target": {
        "PinType": 3,
        "SubChipID": 2018430581,
        "PinID": 838533927
      },
      "WirePoints": [
        {
          "X": -7.837778,
          "Y": -0.9722221
        },
        {
          "X": -5.94037056,
          "Y": -0.9725925
        }
      ],
      "ColourThemeName": "Red"
    },
    {
      "Source": {
        "PinType": 4,
        "SubChipID": 2018430581,
        "PinID": 127347016
      },
      "Target": {
        "PinType": 2,
        "SubChipID": 0,
        "PinID": 1557661784
      },
      "WirePoints": [
        {
          "X": -3.80037045,
          "Y": -1.09259248
        },
        {
          "X": 7.837778,
          "Y": -1.00925946
        }
      ],
      "ColourThemeName": "Red"
    },
    {
      "Source": {
        "PinType": 4,
        "SubChipID": 715864491,
        "PinID": 127347016
      },
      "Target": {
        "PinType": 2,
        "SubChipID": 0,
        "PinID": 567296135
      },
      "WirePoints": [
        {
          "X": -3.8651855,
          "Y": 0.6851852
        },
        {
          "X": 7.837778,
          "Y": 0.7314813
        }
      ],
      "ColourThemeName": "Red"
    },
    {
      "Source": {
        "PinType": 1,
        "SubChipID": 0,
        "PinID": 1447225732
      },
      "Target": {
        "PinType": 3,
        "SubChipID": 331559541,
        "PinID": 925035245
      },
      "WirePoints": [
        {
          "X": -7.837778,
          "Y": -3.67592573
        },
        {
          "X": -6.462963,
          "Y": -3.66666675
        },
        {
          "X": -6.47222233,
          "Y": 3.740741
        },
        {
          "X": -6.02370358,
          "Y": 3.72259283
        }
      ],
      "ColourThemeName": "Red"
    },
    {
      "Source": {
        "PinType": 1,
        "SubChipID": 0,
        "PinID": 1447225732
      },
      "Target": {
        "PinType": 3,
        "SubChipID": 1634423725,
        "PinID": 925035245
      },
      "WirePoints": [
        {
          "X": -7.837778,
          "Y": -3.67592573
        },
        {
          "X": -6.462963,
          "Y": -3.66666675
        },
        {
          "X": -6.470289,
          "Y": 2.194412
        },
        {
          "X": -6.0144453,
          "Y": 2.19481468
        }
      ],
      "ColourThemeName": "Red"
    },
    {
      "Source": {
        "PinType": 1,
        "SubChipID": 0,
        "PinID": 1447225732
      },
      "Target": {
        "PinType": 3,
        "SubChipID": 715864491,
        "PinID": 925035245
      },
      "WirePoints": [
        {
          "X": -7.837778,
          "Y": -3.67592573
        },
        {
          "X": -6.462963,
          "Y": -3.66666675
        },
        {
          "X": -6.468171,
          "Y": 0.499958277
        },
        {
          "X": -6.005185,
          "Y": 0.5651852
        }
      ],
      "ColourThemeName": "Red"
    },
    {
      "Source": {
        "PinType": 1,
        "SubChipID": 0,
        "PinID": 1447225732
      },
      "Target": {
        "PinType": 3,
        "SubChipID": 2018430581,
        "PinID": 925035245
      },
      "WirePoints": [
        {
          "X": -7.837778,
          "Y": -3.67592573
        },
        {
          "X": -6.462963,
          "Y": -3.66666675
        },
        {
          "X": -6.465984,
          "Y": -1.25000334
        },
        {
          "X": -5.94037056,
          "Y": -1.21259248
        }
      ],
      "ColourThemeName": "Red"
    }
  ]
}