{
  "Name": "Registrador",
  "Colour": "#79DE59",
  "InputPins": [
    {
      "Name": "Pin",
      "ID": 838533927,
      "PositionY": 1.87962949,
      "ColourThemeName": "Red"
    },
    {
      "Name": "Pin",
      "ID": 925035245,
      "PositionY": 0.194444656,
      "ColourThemeName": "Red"
    }
  ],
  "OutputPins": [
    {
      "Name": "Pin",
      "ID": 127347016,
      "PositionY": 1.44444466,
      "ColourThemeName": "Red"
    }
  ],
  "SubChips": [
    {
      "Name": "Flip Flop",
      "ID": 1929654333,
      "Points": [
        {
          "X": -4.000001,
          "Y": 1.7037034
        }
      ],
      "Data": null
    },
    {
      "Name": "Flip Flop",
      "ID": 71605897,
      "Points": [
        {
          "X": -1.67592645,
          "Y": 1.574074
        }
      ],
      "Data": null
    },
    {
      "Name": "NOT",
      "ID": 2136014506,
      "Points": [
        {
          "X": -6.0185194,
          "Y": 1.259259
        }
      ],
      "Data": null
    }
  ],
  "Connections": [
    {
      "Source": {
        "PinType": 1,
        "SubChipID": 0,
        "PinID": 838533927
      },
      "Target": {
        "PinType": 3,
        "SubChipID": 1929654333,
        "PinID": 2044737364
      },
      "WirePoints": [
        {
          "X": -7.837778,
          "Y": 1.87962949
        },
        {
          "X": -4.550001,
          "Y": 1.87870336
        }
      ],
      "ColourThemeName": "Red"
    },
    {
      "Source": {
        "PinType": 4,
        "SubChipID": 1929654333,
        "PinID": 803190756
      },
      "Target": {
        "PinType": 3,
        "SubChipID": 71605897,
        "PinID": 2044737364
      },
      "WirePoints": [
        {
          "X": -3.450001,
          "Y": 1.7037034
        },
        {
          "X": -2.2259264,
          "Y": 1.749074
        }
      ],
      "ColourThemeName": "Red"
    },
    {
      "Source": {
        "PinType": 4,
        "SubChipID": 71605897,
        "PinID": 803190756
      },
      "Target": {
        "PinType": 2,
        "SubChipID": 0,
        "PinID": 127347016
      },
      "WirePoints": [
        {
          "X": -1.12592649,
          "Y": 1.574074
        },
        {
          "X": 7.837778,
          "Y": 1.44444466
        }
      ],
      "ColourThemeName": "Red"
    },
    {
      "Source": {
        "PinType": 4,
        "SubChipID": 2136014506,
        "PinID": 1
      },
      "Target": {
        "PinType": 3,
        "SubChipID": 1929654333,
        "PinID": 1317351741
      },
      "WirePoints": [
        {
          "X": -5.468519,
          "Y": 1.259259
        },
        {
          "X": -4.550001,
          "Y": 1.52870345
        }
      ],
      "ColourThemeName": "Red"
    },
    {
      "Source": {
        "PinType": 1,
        "SubChipID": 0,
        "PinID": 925035245
      },
      "Target": {
        "PinType": 3,
        "SubChipID": 2136014506,
        "PinID": 0
      },
      "WirePoints": [
        {
          "X": -7.837778,
          "Y": 0.194444656
        },
        {
          "X": -6.56851959,
          "Y": 1.259259
        }
      ],
      "ColourThemeName": "Red"
    },
    {
      "Source": {
        "PinType": 1,
        "SubChipID": 0,
        "PinID": 925035245
      },
      "Target": {
        "PinType": 3,
        "SubChipID": 71605897,
        "PinID": 1317351741
      },
      "WirePoints": [
        {
          "X": -7.837778,
          "Y": 0.194444656
        },
        {
          "X": -2.2259264,
          "Y": 1.39907408
        }
      ],
      "ColourThemeName": "Red"
    }
  ]
}